Workbook

Sheet Resumen
A1: CombiLabHUB – Resumen de avance
A3: Etapa | B3: Tareas | C3: Completadas | D3: En progreso | E3: Pendientes | F3: % avance
A4: 0. Preparación del entorno | B4: =COUNTIF(Etapas!$B$5:$B$40,A4) | C4: =COUNTIFS(Etapas!$B$5:$B$40,A4,Etapas!$F$5:$F$40,"Completada") | D4: =COUNTIFS(Etapas!$B$5:$B$40,A4,Etapas!$F$5:$F$40,"En progreso") | E4: =COUNTIFS(Etapas!$B$5:$B$40,A4,Etapas!$F$5:$F$40,"Pendiente") | F4: =IF(B4=0,0,C4/B4)
A5: 1. Relevamiento de SF | B5: =COUNTIF(Etapas!$B$5:$B$40,A5) | C5: =COUNTIFS(Etapas!$B$5:$B$40,A5,Etapas!$F$5:$F$40,"Completada") | D5: =COUNTIFS(Etapas!$B$5:$B$40,A5,Etapas!$F$5:$F$40,"En progreso") | E5: =COUNTIFS(Etapas!$B$5:$B$40,A5,Etapas!$F$5:$F$40,"Pendiente") | F5: =IF(B5=0,0,C5/B5)
A6: 2. Descarga de código | B6: =COUNTIF(Etapas!$B$5:$B$40,A6) | C6: =COUNTIFS(Etapas!$B$5:$B$40,A6,Etapas!$F$5:$F$40,"Completada") | D6: =COUNTIFS(Etapas!$B$5:$B$40,A6,Etapas!$F$5:$F$40,"En progreso") | E6: =COUNTIFS(Etapas!$B$5:$B$40,A6,Etapas!$F$5:$F$40,"Pendiente") | F6: =IF(B6=0,0,C6/B6)
A7: 3. Ranking para probar sin reentrenar | B7: =COUNTIF(Etapas!$B$5:$B$40,A7) | C7: =COUNTIFS(Etapas!$B$5:$B$40,A7,Etapas!$F$5:$F$40,"Completada") | D7: =COUNTIFS(Etapas!$B$5:$B$40,A7,Etapas!$F$5:$F$40,"En progreso") | E7: =COUNTIFS(Etapas!$B$5:$B$40,A7,Etapas!$F$5:$F$40,"Pendiente") | F7: =IF(B7=0,0,C7/B7)
A8: 4. Framework CombiLabHUB | B8: =COUNTIF(Etapas!$B$5:$B$40,A8) | C8: =COUNTIFS(Etapas!$B$5:$B$40,A8,Etapas!$F$5:$F$40,"Completada") | D8: =COUNTIFS(Etapas!$B$5:$B$40,A8,Etapas!$F$5:$F$40,"En progreso") | E8: =COUNTIFS(Etapas!$B$5:$B$40,A8,Etapas!$F$5:$F$40,"Pendiente") | F8: =IF(B8=0,0,C8/B8)
A9: 5. Pruebas Nivel 1 (CPU, modelo listo) | B9: =COUNTIF(Etapas!$B$5:$B$40,A9) | C9: =COUNTIFS(Etapas!$B$5:$B$40,A9,Etapas!$F$5:$F$40,"Completada") | D9: =COUNTIFS(Etapas!$B$5:$B$40,A9,Etapas!$F$5:$F$40,"En progreso") | E9: =COUNTIFS(Etapas!$B$5:$B$40,A9,Etapas!$F$5:$F$40,"Pendiente") | F9: =IF(B9=0,0,C9/B9)
A10: 6. Pruebas Nivel 2 (pasos extra) | B10: =COUNTIF(Etapas!$B$5:$B$40,A10) | C10: =COUNTIFS(Etapas!$B$5:$B$40,A10,Etapas!$F$5:$F$40,"Completada") | D10: =COUNTIFS(Etapas!$B$5:$B$40,A10,Etapas!$F$5:$F$40,"En progreso") | E10: =COUNTIFS(Etapas!$B$5:$B$40,A10,Etapas!$F$5:$F$40,"Pendiente") | F10: =IF(B10=0,0,C10/B10)
A11: 7. Pruebas Nivel 3 (pesadas/complicadas) | B11: =COUNTIF(Etapas!$B$5:$B$40,A11) | C11: =COUNTIFS(Etapas!$B$5:$B$40,A11,Etapas!$F$5:$F$40,"Completada") | D11: =COUNTIFS(Etapas!$B$5:$B$40,A11,Etapas!$F$5:$F$40,"En progreso") | E11: =COUNTIFS(Etapas!$B$5:$B$40,A11,Etapas!$F$5:$F$40,"Pendiente") | F11: =IF(B11=0,0,C11/B11)
A12: 8. Evaluación en CASF-2016 | B12: =COUNTIF(Etapas!$B$5:$B$40,A12) | C12: =COUNTIFS(Etapas!$B$5:$B$40,A12,Etapas!$F$5:$F$40,"Completada") | D12: =COUNTIFS(Etapas!$B$5:$B$40,A12,Etapas!$F$5:$F$40,"En progreso") | E12: =COUNTIFS(Etapas!$B$5:$B$40,A12,Etapas!$F$5:$F$40,"Pendiente") | F12: =IF(B12=0,0,C12/B12)
A13: 9. Interfaz | B13: =COUNTIF(Etapas!$B$5:$B$40,A13) | C13: =COUNTIFS(Etapas!$B$5:$B$40,A13,Etapas!$F$5:$F$40,"Completada") | D13: =COUNTIFS(Etapas!$B$5:$B$40,A13,Etapas!$F$5:$F$40,"En progreso") | E13: =COUNTIFS(Etapas!$B$5:$B$40,A13,Etapas!$F$5:$F$40,"Pendiente") | F13: =IF(B13=0,0,C13/B13)
A14: Total | B14: =SUM(B4:B13) | C14: =SUM(C4:C13) | D14: =SUM(D4:D13) | E14: =SUM(E4:E13) | F14: =IF(B14=0,0,C14/B14)
A16: Scoring functions
A17: Nivel | B17: SF | C17: Instaladas | D17: Corren | E17: Con PCC
A18: Nivel 1 | B18: =COUNTIF('Estado SF'!$A$5:$A$31,1) | C18: =COUNTIFS('Estado SF'!$A$5:$A$31,1,'Estado SF'!$F$5:$F$31,"Sí") | D18: =COUNTIFS('Estado SF'!$A$5:$A$31,1,'Estado SF'!$G$5:$G$31,"Sí") | E18: =SUMPRODUCT(('Estado SF'!$A$5:$A$31=1)*ISNUMBER('Estado SF'!$H$5:$H$31))
A19: Nivel 2 | B19: =COUNTIF('Estado SF'!$A$5:$A$31,2) | C19: =COUNTIFS('Estado SF'!$A$5:$A$31,2,'Estado SF'!$F$5:$F$31,"Sí") | D19: =COUNTIFS('Estado SF'!$A$5:$A$31,2,'Estado SF'!$G$5:$G$31,"Sí") | E19: =SUMPRODUCT(('Estado SF'!$A$5:$A$31=2)*ISNUMBER('Estado SF'!$H$5:$H$31))
A20: Nivel 3 | B20: =COUNTIF('Estado SF'!$A$5:$A$31,3) | C20: =COUNTIFS('Estado SF'!$A$5:$A$31,3,'Estado SF'!$F$5:$F$31,"Sí") | D20: =COUNTIFS('Estado SF'!$A$5:$A$31,3,'Estado SF'!$G$5:$G$31,"Sí") | E20: =SUMPRODUCT(('Estado SF'!$A$5:$A$31=3)*ISNUMBER('Estado SF'!$H$5:$H$31))

Sheet Etapas
A1: CombiLabHUB – Etapas del proyecto (evaluación de scoring functions en CASF-2016)
A2: Fuente: MEMORIA_PROYECTO_SF.md y REQUISITOS_PRUEBAS_SF.txt (18/10/2026). Celdas amarillas = para completar (Estado, Responsable, Fechas, Notas).
A4: ID | B4: Etapa | C4: Tarea | D4: Detalle / entregable | E4: Depende de | F4: Estado | G4: Responsable | H4: Inicio | I4: Fin | J4: Notas
A5: 0.1 | B5: 0. Preparación del entorno | C5: Instalar Miniconda (o Docker Desktop + WSL2) | D5: Miniconda recomendado; Docker para SF con MGLTools/Chimera/PyMOL | F5: Completada | H5: 46314 | I5: 46314 | J5: Miniconda instalado en C:\Users\Admin\miniconda3 (conda 26.9.3, Python 3.14.8, solver libmamba incluido) | 21/10/2026: Docker Desktop 4.96.1 + WSL 2 instalados (necesarios para delta_LinF9_XGB y SF solo-Linux)
A6: 0.2 | B6: 0. Preparación del entorno | C6: Informar GPU | D6: Indicar si hay NVIDIA y modelo (Dynaformer, PIGNet2, HAC-Net la necesitan) | F6: Completada | H6: 46314 | I6: 46314 | J6: NVIDIA Quadro P620 (Pascal, 4 GB VRAM, compute 6.1), driver 573.44 + Intel UHD integrada; 31,6 GB RAM. Usar builds de PyTorch cu118/cu126 (las cu128 no soportan Pascal). 4 GB limita a las SF pesadas del Nivel 3
A7: 0.3 | B7: 0. Preparación del entorno | C7: Liberar espacio en disco | D7: ~100 GB, o instalar por tandas y borrar entornos probados | F7: Completada | H7: 46314 | I7: 46314 | J7: 284 GB libres en el disco (más que los ~100 GB necesarios)
A8: 0.4 | B8: 0. Preparación del entorno | C8: Descargar CASF-2016 | D8: Desde PDBbind (requiere registro); dejarlo en SOFTWARE SF | F8: Completada | H8: 46314 | I8: 46314 | J8: Descomprimido en SOFTWARE SF\CASF-2016\CASF-2016 (30.271 archivos verificados contra el .tar.gz; coreset con 285 complejos)
A9: 0.5 | B9: 0. Preparación del entorno | C9: Habilitar dominios (opcional) | D9: conda.anaconda.org, zenodo.org, figshare.com, drive.google.com, onedrive.live.com | F9: Completada | H9: 46314 | I9: 46314 | J9: Verificado 19/10/2026: conda.anaconda.org, zenodo.org, figshare.com, drive.google.com y onedrive.live.com accesibles desde la nube
A10: 1.1 | B10: 1. Relevamiento de SF | C10: Extraer tabla de 49 SF del PPTX | D10: Scoring_functions_descargadas.xlsx (ES/EN/PT) | F10: Completada
A11: 1.2 | B11: 1. Relevamiento de SF | C11: Investigar 7 columnas extra | D11: Dataset, tamaño, tipo, algoritmo, descriptores, feature selection, algoritmo de selección + fuente y confianza | E11: 1.1 | F11: Completada | J11: 33 Alta, 8 Media, 8 Baja confianza
A12: 2.1 | B12: 2. Descarga de código | C12: Descargar repos de las 49 SF | D12: Funciones_Score_Tabla1/ + INDICE_funciones_score.csv | E12: 1.1 | F12: Completada
A13: 2.2 | B13: 2. Descarga de código | C13: Descargar SF de Su et al. 2019 | D13: Vina, ΔVinaRF20, vina4dv en Funciones_Score_Su2018/ | F13: Completada
A14: 2.3 | B14: 2. Descarga de código | C14: Pendientes de descarga | D14: DAAP y LigityScore (GitLab); MSSDTA sin código público | E14: 2.1 | F14: Pendiente
A15: 2.4 | B15: 2. Descarga de código | C15: Verificar et_score.sav en Files.7z | D15: Confirmar modelo de ET-Score | E15: 2.1 | F15: Completada | H15: 46314 | I15: 46314 | J15: 19/10/2026: et_score.sav descargado de Figshare (10.6084/m9.figshare.23684538), MD5 c7c5865d… verificado; no hace falta Files.7z
A16: 3.1 | B16: 3. Ranking para probar sin reentrenar | C16: Clasificar SF por dificultad | D16: Nivel 1 (11), Nivel 2 (7), Nivel 3 (9), descartadas (20, sin modelo entrenado) | E16: 2.1 | F16: Completada | J16: | 21/10/2026: RFL-Score pasa del Nivel 3 al Nivel 1
A17: 4.1 | B17: 4. Framework CombiLabHUB | C17: Núcleo CLI + adaptadores Nivel 1 | D17: Borrador en CombiLabHUB_borrador.tar.gz con commits upstream fijados | E17: 3.1 | F17: En progreso | J17: Borrador hecho
A18: 4.2 | B18: 4. Framework CombiLabHUB | C18: Repositorio GitHub | D18: Temporal: oarrua88/combi_lab_hub_tmp; definitivo: combilab-furg/combi_lab_hub | F18: En progreso | J18: Esperando permiso al repo de la organización | 19/10/2026: GitHub vinculado a Claude; los push al repo temporal ya funcionan desde Claude
A19: 4.3 | B19: 4. Framework CombiLabHUB | C19: Subir el borrador al repo | D19: Descomprimir, git add, primer commit | E19: 4.1, 4.2 | F19: Completada | J19: Superada: el código se subió plugin por plugin al repo temporal (commits del 19 y 20/10/2026)
A20: 4.4 | B20: 4. Framework CombiLabHUB | C20: Manifest de plugins | D20: Lista de SF con versión, entorno y commit upstream | E20: 4.1 | F20: Pendiente
A21: 4.5 | B21: 4. Framework CombiLabHUB | C21: environment.yml / Dockerfile por SF | D21: Un entorno reproducible por plugin | E21: 4.1 | F21: Completada | H21: 46314 | I21: 46315 | J21: 19/10/2026: hechos ET-Score, GB-Score, OnionNet-2, Sfcnn y PLANET | 20/10/2026: egGNN, GIGN, EHIGN-PLA, saCNN y DEAttentionDTA. Nivel 1 completo (10/10), environment.yml + Dockerfile con commit y MD5 fijados
A22: 4.6 | B22: 4. Framework CombiLabHUB | C22: setup.sh | D22: Script de instalación automatizada | E22: 4.5 | F22: Pendiente
A23: 4.7 | B23: 4. Framework CombiLabHUB | C23: INSTALAR.md por plugin | D23: Guía de instalación paso a paso | E23: 4.5 | F23: En progreso | H23: 46314 | J23: 19/10/2026: ET-Score, GB-Score, OnionNet-2, Sfcnn y PLANET | 20/10/2026: egGNN, GIGN, EHIGN-PLA, saCNN y DEAttentionDTA. INSTALL.md + test_1a30.py + demo .bat para las 10 SF del Nivel 1 (en inglés)
A24: 4.8 | B24: 4. Framework CombiLabHUB | C24: README del proyecto | D24: Uso del CLI, estructura, cómo agregar una SF | E24: 4.1 | F24: Completada | H24: 46316 | I24: 46316 | J24: 21/10/2026: README.md con estructura, carpetas, uso rápido y cómo agregar una SF
A25: 5.1 | B25: 5. Pruebas Nivel 1 (CPU, modelo listo) | C25: ET-Score y GB-Score | D25: Mismo entorno scikit-learn; test con 1 complejo + core set CASF-2016 | E25: 0.4, 4.5 | F25: En progreso | H25: 46314 | J25: Primeras a probar | 19/10/2026: ET-Score y GB-Score pasan el test con 1a30 (pKd 5.6837 y 5.6171). Falta correr el core set completo y calcular PCC | 21/10/2026: la corrida del core set completo queda reservada para el video (ver 8.1)
A26: 5.2 | B26: 5. Pruebas Nivel 1 (CPU, modelo listo) | C26: OnionNet-2 y SFCNN | D26: TensorFlow CPU (+ OpenBabel en SFCNN) | E26: 5.1 | F26: Completada | H26: 46314 | I26: 46314 | J26: 19/10/2026: OnionNet-2 (pKd 1a30 5.4568 con archivos de los autores / 5.8866 CASF) y Sfcnn (5.4721, igual a los autores; 74 poses de docking iguales) pasan el test con 1a30
A27: 5.3 | B27: 5. Pruebas Nivel 1 (CPU, modelo listo) | C27: Resto del Nivel 1 | D27: PLANET, egGNN, GIGN, EHIGN-PLA, saCNN, DEAttentionDTA | E27: 5.2 | F27: Completada | H27: 46314 | I27: 46315 | J27: 19/10/2026: PLANET pasa el test con 1a30 | 20/10/2026: egGNN (5.1040), GIGN (media 5.7230), EHIGN-PLA (media 5.4670), saCNN (5.0950) y DEAttentionDTA (6.2026 CASF / 6.3185 autores) pasan el test con 1a30 en Linux. Falta confirmar en Windows
A28: 6.1 | B28: 6. Pruebas Nivel 2 (pasos extra) | C28: SF del Nivel 2 | D28: DeepBindGCN, HAC-Net, delta_LinF9_XGB, GraphscoreDTA, IGModel, ConBAP, CPIScore | E28: 5.3 | F28: Completada | H28: 46316 | I28: 46316 | J28: 21/10/2026: Nivel 2 hasta el test con 1a30: IGModel, ConBAP, HAC-Net, delta_LinF9_XGB y DeepBindGCN PASS; GraphscoreDTA instalada pero sin 1a30 (sin featurizador público, ver 6.2); CPIScore descartada (modelo incompleto). Probado en Linux; falta confirmar los demos en Windows (delta_LinF9_XGB solo por Docker/WSL; HAC-Net necesita internet para ACC2)
A29: 6.2 | B29: 6. Pruebas Nivel 2 (pasos extra) | C29: Investigar cómo GraphscoreDTA prepara sus complejos de test | D29: Los autores publicaron solo los grafos ya armados de 279 complejos de CASF-2016 (all_in_one_graph_test2016.bin + Vina_terms2016.pkl), no el código que los genera. Averiguar cómo construyen el grafo (átomos del ligando, residuos del pocket, interacciones) y los 6 términos de Vina, para poder preparar 1a30 y complejos nuevos | E29: 6.1 | F29: Pendiente | H29: 46316 | J29: 21/10/2026: 1a30, 2zcr, 2zy1, 3ag9, 3bv9 y 3uri no están en el set de los autores. Pistas: artículo (Bioinformatics 2023, btad340) y su material suplementario, repo espejo KailiWang1/GraphscoreDTA, preguntar a los autores (kailiwang@dhu.edu.cn)
A30: 7.1 | B30: 7. Pruebas Nivel 3 (pesadas/complicadas) | C30: SF del Nivel 3 | D30: PointNet, PIGNet2, Dynaformer, TopoFormer, BAPA, CGraphDTA, EGNA, HydraScreen, P3-Score | E30: 6.1, 0.2 | F30: En progreso | H30: 46317 | J30: GPU, licencias (X-Score) o API (HydraScreen) | 22/10/2026: revisadas las 9 SF. PIGNet2 hasta el test con 1a30 (PASS, corre en CPU). Orden sugerido para seguir: HydraScreen (inferencia local), PointNet, BAPA, TopoFormer, Dynaformer; CGraphDTA/EGNA (bases HHblits) y P3-Score (X-Score) al final | 22/10/2026: PointNet/PointTransformer hasta el test con 1a30 (PASS; pipeline completo en Docker). HydraScreen local bloqueada (paquetes privados de Ro5): queda la API
A31: 8.1 | B31: 8. Evaluación en CASF-2016 | C31: Calcular PCC por SF | D31: Comparar PCC obtenido vs. reportado (hoja Estado SF) | E31: 5.1 | F31: Pendiente | J31: 21/10/2026: tools/run_coreset_level1.bat y tools/evaluate_casf.py listos (PCC, IC 90%, SD, Spearman, RMSE vs CoreSet.dat). El test de los 285 complejos del Nivel 1 se va a ejecutar y grabar en un VIDEO; no correrlo antes. El usuario lo quiere hacer de otra manera
A32: 8.2 | B32: 8. Evaluación en CASF-2016 | C32: Usar versiones corregidas de Eaves et al. | D32: 17 modelos en github.com/jeavesj | F32: Pendiente
A33: 8.3 | B33: 8. Evaluación en CASF-2016 | C33: Informe comparativo | D33: Tabla/gráficos de resultados para el laboratorio | E33: 8.1 | F33: Pendiente
A34: 9.1 | B34: 9. Interfaz | C34: Interfaz para ejecutar cada SF | D34: UI sobre el CLI de CombiLabHUB | E34: 5.3 | F34: Pendiente
A35: 5.4 | B35: 5. Pruebas Nivel 1 (CPU, modelo listo) | C35: RFL-Score (SF de combi-lab) | D35: Plugin plugins/rfl_score: test liviano con R en Windows + pipeline completo de 160 features con Docker | E35: 5.3 | F35: Completada | H35: 46316 | I35: 46316 | J35: 21/10/2026: test 1a30 PASS en Linux: modelo 4.4494 con las features de los autores; pipeline completo = mismas 160 features y 4.4494. Falta confirmar demo_rfl_score.bat (Windows conda) y docker_rfl_score.bat en la PC del laboratorio. El core set entra en run_coreset_level1.bat (vía Docker) para el video (8.1) | 21/10/2026: docker_rfl_score.bat PASS en la PC del laboratorio (imagen 1.1, vina4dv compilado con g++). Falta probar demo_rfl_score.bat (conda).

Sheet Estado SF
A1: Estado de cada scoring function (solo inferencia, sin reentrenar)
A2: Completar celdas amarillas. PCC reportado = valor del artículo original en CASF-2016. Diferencia se calcula sola. Columnas L–R: scripts de cada plugin (combi_lab_hub_tmp/plugins/<carpeta>); tools/docker_test_all.bat (.sh) corre todos los tests con Docker y deja un resumen.
A4: Nivel | B4: # | C4: Scoring function | D4: Modelo entrenado / fuente | E4: Dependencias principales | F4: Instalada | G4: Corre | H4: PCC obtenido | I4: PCC reportado | J4: Diferencia | K4: Problemas / notas | L4: Plugin (carpeta en plugins/) | M4: Windows conda (.bat) | N4: Imagen Docker | O4: Windows Docker (.bat) | P4: Linux Docker (.sh) | Q4: Test Docker 1a30 | R4: Test Windows conda 1a30
A5: 1 | B5: 1 | C5: ET-Score | D5: et_score.sav (Files.7z o Figshare) | E5: scikit-learn | F5: Sí | G5: Sí | I5: 0.827 | J5: =IF(AND(ISNUMBER(H5),ISNUMBER(I5)),H5-I5,"") | K5: 19/10/2026: test 1a30 PASS (pKd 5.6837, igual a los autores). Requiere Python 3.7 + sklearn 0.22.2 exactos; con 0.22.2 los autores reportan PCC 0.793. Plugin: plugins/et_score | L5: et_score | M5: demo_et_score.bat | N5: combilab/et-score:1.0 | O5: docker_et_score.bat | P5: docker_et_score.sh | Q5: Pendiente | R5: Pendiente
A6: 1 | B6: 2 | C6: GB-Score | D6: .joblib en Figshare | E6: scikit-learn | F6: Sí | G6: Sí | I6: 0.862 | J6: =IF(AND(ISNUMBER(H6),ISNUMBER(I6)),H6-I6,"") | K6: 19/10/2026: test 1a30 PASS (pKd 5.6171). El repo no trae script de predicción: el modelo usa 104 features filtradas y normalizadas (tabla reconstruida desde total_set_2019.csv). generate_features.py público subcuenta los H de la proteína; corregido leyendo el elemento del PDB. Plugin: plugins/gb_score | L6: gb_score | M6: demo_gb_score.bat | N6: combilab/gb-score:1.0 | O6: docker_gb_score.bat | P6: docker_gb_score.sh | Q6: Pendiente | R6: Pendiente
A7: 1 | B7: 3 | C7: OnionNet-2 | D7: 62shell_saved-model.h5 (Zenodo 10728089, 885 MB) | E7: TensorFlow CPU | F7: Sí | G7: Sí | I7: 0.864 | J7: =IF(AND(ISNUMBER(H7),ISNUMBER(I7)),H7-I7,"") | K7: 19/10/2026: test 1a30 PASS. TensorFlow 2.3.4 CPU + sklearn 0.22.1 + Open Babel (ligando .mol2 -> .pdb). Las aguas cristalográficas del PDB cambian la predicción (con aguas 5.4568, CASF sin aguas 5.8866): definir qué archivos usar para el PCC. Eaves et al. reproducen PCC 0.851. Plugin: plugins/onionnet2 | L7: onionnet2 | M7: demo_onionnet2.bat | N7: combilab/onionnet2:1.0 | O7: docker_onionnet2.bat | P7: docker_onionnet2.sh | Q7: Pendiente | R7: Pendiente
A8: 1 | B8: 4 | C8: SFCNN | D8: weights_22_112-0.0083.h5 (en el repo, 5.5 MB) | E8: TensorFlow 2.3 CPU + Open Babel 3.1 | F8: Sí | G8: Sí | I8: 0.793 | J8: =IF(AND(ISNUMBER(H8),ISNUMBER(I8)),H8-I8,"") | K8: 19/10/2026: test 1a30 PASS: pKd 5.4721 idéntico a Sfcnn_2016_test.csv de los autores y 74 poses de docking iguales a test/output2 (dif. máx 0.0007). build_model() carga los pesos desde la carpeta actual. Eaves et al. reproducen PCC 0.789. Plugin: plugins/sfcnn | L8: sfcnn | M8: demo_sfcnn.bat | N8: combilab/sfcnn:1.0 | O8: docker_sfcnn.bat | P8: docker_sfcnn.sh | Q8: Pendiente | R8: Pendiente
A9: 1 | B9: 5 | C9: PLANET | D9: PLANET.param (en el repo, 18.5 MB) + core.tar.bz2 (core set preparado por los autores) | E9: PyTorch 2.2 + RDKit 2023.9 (Python 3.11) | F9: Sí | G9: Sí | I9: 0.824 | J9: =IF(AND(ISNUMBER(H9),ISNUMBER(I9)),H9-I9,"") | K9: 19/10/2026: test 1a30 PASS (5.8930 con core.tar.bz2 de los autores; 5.6216 con CASF .mol2). El .sdf de CASF de 1a30 no lo lee RDKit: usar core.tar.bz2 de los autores. demo/result.csv es de 2022 (modelo viejo), no sirve de referencia. Plugin: plugins/planet | L9: planet | M9: demo_planet.bat | N9: combilab/planet:1.0 | O9: docker_planet.bat | P9: docker_planet.sh | Q9: Pendiente | R9: Pendiente
A10: 1 | B10: 6 | C10: egGNN | D10: 16-8596.sav (en el repo, 11.7 MB; usado por el pipeline de los autores) | E10: PyTorch 2.2 + DGL 2.2.1 + dgllife 0.3.2 + RDKit (Python 3.10) | F10: Sí | G10: Sí | I10: 0.86 | J10: =IF(AND(ISNUMBER(H10),ISNUMBER(I10)),H10-I10,"") | K10: 20/10/2026: test 1a30 PASS (pKd 5.1040 con pocket, idéntico a Eaves et al.; 6.5326 con proteína completa). Usar _pocket.pdb: con la proteína completa Eaves obtiene PCC 0.071, con el pocket 0.669 (no reproduce el 0.86 del artículo). Ligando como SMILES desde el .mol2. El checkpoint es un modelo pickleado con clases __main__.*: el wrapper las redirige. Plugin: plugins/eggnn | L10: eggnn | M10: demo_eggnn.bat | N10: combilab/eggnn:1.0 | O10: docker_eggnn.bat | P10: docker_eggnn.sh | Q10: Pendiente | R10: Pendiente
A11: 1 | B11: 7 | C11: GIGN | D11: 3 modelos en el repo (repeat0-2, .pt) | E11: PyTorch 2.2 + PyG 2.5.3 + RDKit + PyMOL + Open Babel (entorno gign, Python 3.10) | F11: Sí | G11: Sí | I11: 0.84 | J11: =IF(AND(ISNUMBER(H11),ISNUMBER(I11)),H11-I11,"") | K11: 20/10/2026: test 1a30 PASS (modelos 4.3883 / 6.3427 / 6.4380, media 5.7230, igual a los scripts de los autores). Nuestro grafo de 1a30 es idéntico al preparado por los autores (Zenodo 7490623); con sus 285 grafos del core set: PCC 0.844 / 0.843 / 0.832, 0.855 con la media. Pocket con PyMOL a 5 Å + obabel -d. Eaves et al. reproducen PCC 0.85. Plugin: plugins/gign | L11: gign | M11: demo_gign.bat | N11: combilab/gign:1.0 | O11: docker_gign.bat | P11: docker_gign.sh | Q11: Pendiente | R11: Pendiente
A12: 1 | B12: 8 | C12: EHIGN-PLA | D12: 3 modelos en el repo (repeat0-2, .pt) | E12: PyTorch 2.2 + DGL 2.2.1 + RDKit + PyMOL + Open Babel (mismo entorno gign que GIGN) | F12: Sí | G12: Sí | I12: 0.854 | J12: =IF(AND(ISNUMBER(H12),ISNUMBER(I12)),H12-I12,"") | K12: 20/10/2026: test 1a30 PASS (5.5024 / 5.8087 / 5.0898, media 5.4670, igual a los scripts de los autores). Código para DGL 0.9: copy_src mapeado a copy_u; el modelo modifica el grafo, se recarga por modelo. Falta calcular el PCC del core set. Eaves et al. reproducen PCC 0.851. Plugin: plugins/ehign_pla | L12: ehign_pla | M12: demo_ehign_pla.bat | N12: combilab/ehign_pla:1.0 | O12: docker_ehign_pla.bat | P12: docker_ehign_pla.sh | Q12: Pendiente | R12: Pendiente
A13: 1 | B13: 9 | C13: saCNN | D13: model.pkl (en el repo, 18.2 MB) | E13: PyTorch 2.5 CPU + moleculekit 1.11.5 + pdb2pqr/propka (Python 3.10); sin HTMD | F13: Sí | G13: Sí | I13: 0.865 | J13: =IF(AND(ISNUMBER(H13),ISNUMBER(I13)),H13-I13,"") | K13: 20/10/2026: test 1a30 PASS (pKd 5.0950, idéntico a Eaves et al.; 3jvr 4.7484 y features iguales a los de los autores). No requiere HTMD (htmd 2.0.6 pide acemd3 no público): se usa moleculekit 1.11.5 con la preparación corregida de Eaves, sin el fallback HTMD/CHARMM. Checkpoint guardado en GPU, se carga en CPU. Eaves et al. reproducen PCC 0.862. Plugin: plugins/sacnn | L13: sacnn | M13: demo_sacnn.bat | N13: combilab/sacnn:1.0 | O13: docker_sacnn.bat | P13: docker_sacnn.sh | Q13: Pendiente | R13: Pendiente
A14: 1 | B14: 10 | C14: DEAttentionDTA | D14: 10 modelos Fold 1–10 (en el repo, 89 MB; se promedian) | E14: PyTorch 2.2 + Open Babel 3.1.1 (Python 3.10) | F14: Sí | G14: Sí | I14: 0.845 | J14: =IF(AND(ISNUMBER(H14),ISNUMBER(I14)),H14-I14,"") | K14: 20/10/2026: test 1a30 PASS (6.3185 con los datos preprocesados de los autores, igual a su kfold_result.csv; 6.2026 con archivos CASF: mismo SMILES y secuencia, pocket CASF 51 vs 56 residuos). Con los datos de los autores reproduce su kfold_result.csv en 278 complejos (PCC 0.853). Los pocket de CASF no tienen cadena: el wrapper asigna cada residuo por número y nombre en orden (A y luego B). Eaves et al. reproducen PCC 0.819. Plugin: plugins/deattentiondta | L14: deattentiondta | M14: demo_deattentiondta.bat | N14: combilab/deattentiondta:1.0 | O14: docker_deattentiondta.bat | P14: docker_deattentiondta.sh | Q14: Pendiente | R14: Pendiente
A15: 1 | B15: 11 | C15: RFL-Score | D15: scoring/RScript/model/scoring_function_160.rda en el repo (Random Forest de R, 160 features; MD5 d1ad344e…) | E15: R + randomForest (test Windows conda). Pipeline completo de features (solo Linux → Docker): Open Babel 2.4.1, PaDEL (Java 11), DSSP, MGLTools 1.5.7, vina4dv, ODDT 0.7, RDKit 2020.09 (Python 3.7) | F15: Sí | G15: Sí | J15: =IF(AND(ISNUMBER(H15),ISNUMBER(I15)),H15-I15,"") | K15: 21/10/2026: SF propia de combi-lab (Arrua et al., IEEE CIBCB 2024). Test 1a30 PASS: el modelo con las 160 features de los autores (examples/1a30/1a30_160_input.csv) da 4.4494; el pipeline completo desde los archivos de CASF reproduce las 160 features EXACTAS (0 diferencias) y el mismo 4.4494. Con examples/all_160_input.csv da 4.5071 (otra versión de los descriptores RDKit 3D). Adaptaciones sin cambiar el código: wrapper de dssp para DSSP 4.2 (ya no acepta -i/-o) y prepare_ligand4.py corrido desde la carpeta del ligando. La secuencia FASTA se baja de RCSB (como los autores; incluye la cadena del péptido inhibidor); armada desde el PDB 1a30 da 4.4739. Completar PCC reportado. El RFL-Score.zip de la tabla es una versión anterior (2022), sirve para el test liviano; Docker usa el commit 2020d90. Plugin: plugins/rfl_score | 21/10/2026: en la PC (Docker Desktop + WSL 2) falló con 'list index out of range': el binario estático de vina4dv (Intel, 2016) da Segmentation fault en kernels sin vsyscall (WSL 2). La imagen 1.1 compila vina4dv con g++ (salida idéntica para 1a30). | 21/10/2026: test Docker 1a30 PASS en la PC del laboratorio con la imagen 1.1 (Windows + Docker Desktop). | L15: rfl_score | M15: demo_rfl_score.bat (solo modelo) | N15: combilab/rfl_score:1.1 | O15: docker_rfl_score.bat | P15: docker_rfl_score.sh | Q15: PASS | R15: Pendiente
A16: 2 | B16: 1 | C16: DeepBindGCN | D16: GitHub release v1.0.0: full_model_out2000_RG.model (MD5 aaa69454…) | E16: PyTorch 2.2 + PyG 2.5.3 + RDKit (Python 3.10) | F16: Sí | G16: Sí | I16: 0.75 | J16: =IF(AND(ISNUMBER(H16),ISNUMBER(I16)),H16-I16,"") | K16: 21/10/2026: test 1a30 PASS (pKd 4.4640, valor propio). El modelo es una red PyG 1.4 pickleada: su GCNConv normaliza por el grado del nodo origen (PyG actual: destino) y el grafo del pocket es dirigido; con la capa actual 1a30 da 6.4782. Se usa una copia exacta de la capa vieja. Plugin: plugins/deepbindgcn | L16: deepbindgcn | M16: demo_deepbindgcn.bat | N16: combilab/deepbindgcn:1.0 | O16: docker_deepbindgcn.bat | P16: docker_deepbindgcn.sh | Q16: Pendiente | R16: Pendiente
A17: 2 | B17: 2 | C17: HAC-Net | D17: HACNet/parameter_files en el repo (4 .pt) + paquete PyPI HACNet 1.4.3 | E17: PyTorch 2.2 + PyG 2.5.3 + Open Babel + PyMOL; cargas EqEq: servicio web ACC2 o ChargeFW2 local (Docker) | F17: Sí | G17: Sí | I17: 0.846 | J17: =IF(AND(ISNUMBER(H17),ISNUMBER(I17)),H17-I17,"") | K17: 21/10/2026: test 1a30 PASS con ChargeFW2 3.0.0 (pKd 4.9114, valor propio). El servidor de cargas original ya no existe: se usa ACC2 (internet) o ChargeFW2 compilado en Docker. Hallazgo: el notebook/fork de Eaves carga el CNN con strict=False y nombres se_block vs SE_block, así que las capas de atención quedan aleatorias (posible causa de su PCC 0.777). Plugin: plugins/hacnet | 21/10/2026: test 1a30 PASS en Windows (demo_hacnet.bat). Arreglos: entorno con glib de conda-forge (libglib 2.88.3 del canal defaults pisaba intl-8.dll; fix_env_hacnet.bat) y cargas por la API de Atomic Charge Calculator III (acc.biodata.ceitec.cz; la URL de ACC2 da 405). | L17: hacnet | M17: demo_hacnet.bat | N17: combilab/hacnet:1.0 | O17: docker_hacnet.bat | P17: docker_hacnet.sh | Q17: Pendiente | R17: PASS
A18: 2 | B18: 3 | C18: delta_LinF9_XGB | D18: saved_model/mod_1..10.pickle.dat en el repo (xgboost 1.2.0) | E18: Solo Linux: smina (repo), MSMS, MGLTools 1.5.7 (Python 2), AlphaSpace2, xgboost 1.2.0 → en Windows vía Docker/WSL | F18: Sí | G18: Sí | I18: 0.845 | J18: =IF(AND(ISNUMBER(H18),ISNUMBER(I18)),H18-I18,"") | K18: 21/10/2026: test PASS: 1e66_wat 8.9115 (README 8.893) y 1a30 5.1582. 88 de 92 features de 1a30 iguales a las publicadas por los autores (dataset/test_set.csv); con sus 4 restantes daría 5.1792. pdb_to_xyzr reimplementado en Python (idéntico al de MSMS). Plugin: plugins/delta_linf9_xgb | 21/10/2026: test PASS en Windows con Docker Desktop 4.96.1 + WSL 2 (demo_delta_linf9_xgb.bat): 1e66_wat 8.9115 y 1a30 5.1582, idénticos a Linux. | L18: delta_linf9_xgb | M18: no (solo Linux) → usar Docker | N18: combilab/delta_linf9_xgb:1.0 | O18: docker_delta_linf9_xgb.bat | P18: docker_delta_linf9_xgb.sh | Q18: PASS | R18: —
A19: 2 | B19: 4 | C19: GraphscoreDTA | D19: model/modelp.pth en el repo + grafos CASF-2016 preparados (release Data, 35 MB) | E19: PyTorch 2.2 + DGL 2.2.1 (Python 3.10) | F19: Sí | G19: Sí | I19: 0.831 | J19: =IF(AND(ISNUMBER(H19),ISNUMBER(I19)),H19-I19,"") | K19: 21/10/2026: NO puede evaluar 1a30: los autores no publican el código que arma grafos y términos Vina, y 1a30 (con 2zcr, 2zy1, 3ag9, 3bv9, 3uri) no está en sus 279 complejos. El test reproduce sus 279 predicciones (dif. máx. 0.00005; PCC 0.810 en esos 279). El código original exige GPU (cuda:0). Ver tarea 6.2. Plugin: plugins/graphscoredta | L19: graphscoredta | M19: demo_graphscoredta.bat | N19: combilab/graphscoredta:1.0 | O19: docker_graphscoredta.bat | P19: docker_graphscoredta.sh | Q19: Pendiente | R19: Pendiente
A20: 2 | B20: 5 | C20: IGModel | D20: models/saved_model.pth y self-ref_model.pth en el repo | E20: PyTorch 2.2 + DGL 2.2.1 + RDKit + Open Babel 3.1.1 + spyrmsd (Python 3.10) | F20: Sí | G20: Sí | I20: 0.831 | J20: =IF(AND(ISNUMBER(H20),ISNUMBER(I20)),H20-I20,"") | K20: 21/10/2026: test PASS: reproduce el notebook de los autores (1bcu, 10 poses, dif. 3e-6); 1a30 = 5.0653 (modo referencia; self-ref 5.4664). El .sdf de 1a30 no lo lee RDKit: usar .mol2. Eaves usa modo self-ref con saved_model.pth. Plugin: plugins/igmodel | L20: igmodel | M20: demo_igmodel.bat | N20: combilab/igmodel:1.0 | O20: docker_igmodel.bat | P20: docker_igmodel.sh | Q20: Pendiente | R20: Pendiente
A21: 2 | B21: 6 | C21: ConBAP | D21: modelo contrastivo + cabeza de afinidad repeat0 en el repo | E21: PyTorch 2.2 + PyG 2.5.3 + torch_scatter/cluster + GVP-GNN + RDKit + PyMOL (Python 3.10) | F21: Sí | G21: Sí | I21: 0.864 | J21: =IF(AND(ISNUMBER(H21),ISNUMBER(I21)),H21-I21,"") | K21: 21/10/2026: test PASS: 1bcu del toy set rehecho desde cero = grafos de los autores (4.8575); 1a30 = 5.9318 con ligando sanitizado. Hallazgo: con el .sdf SIN sanitizar (como Eaves) se reproduce exacto su valor 7.7406 → probable causa de su PCC 0.424 (todas sus predicciones altas). Plugin: plugins/conbap | L21: conbap | M21: demo_conbap.bat | N21: combilab/conbap:1.0 | O21: docker_conbap.bat | P21: docker_conbap.sh | Q21: Pendiente | R21: Pendiente
A22: 2 | B22: 7 | C22: CPIScore | D22: result/model.pkl (incompleto) | E22: — | F22: No | G22: No | I22: 0.74 | J22: =IF(AND(ISNUMBER(H22),ISNUMBER(I22)),H22-I22,"") | K22: 21/10/2026: DESCARTADA. Faltan los modelos word2vec (SMILES 256d y proteína 512d) que usan sus features, y la rama Transformer se crea con pesos aleatorios en cada forward (no está en model.pkl): predicciones no reproducibles. Ver plugins/cpiscore/INSTALL.md | L22: cpiscore | M22: — | N22: — | O22: — | P22: — | Q22: No aplica | R22: No aplica
A23: 3 | B23: 1 | C23: PointNet | D23: 5 PointTransformer + 5 PointNet (.pth) en el repo, conjunto grande (B) | E23: PyTorch 2.2 CPU (Python 3.10) + Open Babel; programa POINTNET (solo Linux) para la nube de puntos | F23: Sí | G23: Sí | I23: 0.859 | J23: =IF(AND(ISNUMBER(H23),ISNUMBER(I23)),H23-I23,"") | K23: 22/10/2026: test 1a30 PASS en Linux: nube 1a30 (Open Babel --AddPolarH + POINTNET) idéntica a la referencia; PointTransformer pKd 4.6973, PointNet 4.7429 (exp. 4.30); ejemplo de los autores 5c2h: 7.4829 / 7.5160. Valores propios (los autores no publican referencia). Rotaciones aleatorias con semilla fija. Paper: PCC 0.859 (PointTransformer) / 0.831 (PointNet), sin verificar. En Windows conda solo corren los modelos (POINTNET es Linux): pipeline completo con Docker | L23: pointnet | M23: demo_pointnet.bat (solo modelos) | N23: combilab/pointnet:1.0 | O23: docker_pointnet.bat | P23: docker_pointnet.sh | Q23: Pendiente | R23: Pendiente
A24: 3 | B24: 2 | C24: PIGNet2 | D24: src/ckpt/pda_0..3.pt en el repo (4 modelos, se promedian) | E24: PyTorch 2.2 CPU + PyG 2.0.3 + torch_scatter/sparse + RDKit 2022.03.4 + PyMOL (Python 3.9); no necesita GPU | F24: Sí | G24: Sí | I24: 0.747 | J24: =IF(AND(ISNUMBER(H24),ISNUMBER(I24)),H24-I24,"") | K24: 22/10/2026: test 1a30 PASS en Linux: energías -2.865/-2.897/-3.068/-2.637 kcal/mol = las de test.py de los autores con su 1a30 preparado; pKd medio 2.1077 (exp. 4.30). Nuestra preparación de 1a30 (ligando .mol2 con H + bolsillo de generate_data.extract) es idéntica a la de los autores. Con los 285 complejos preparados por los autores (Zenodo 8091220) PCC 0.7467 (paper 0.747; Eaves 0.505). 'reduce' no hace falta (el bolsillo no lleva H). PyG 2.0.3 obligatorio. Imagen Docker sin probar (sin acceso a Docker Hub desde la máquina de prueba) | L24: pignet2 | M24: demo_pignet2.bat | N24: combilab/pignet2:1.0 | O24: docker_pignet2.bat | P24: docker_pignet2.sh | Q24: Pendiente | R24: Pendiente
A25: 3 | B25: 3 | C25: Dynaformer | E25: GPU | J25: =IF(AND(ISNUMBER(H25),ISNUMBER(I25)),H25-I25,"") | K25: 22/10/2026: checkpoints solo en OneDrive; basado en fairseq/Graphormer, solo Linux
A26: 3 | B26: 4 | C26: TopoFormer | E26: GPU / descargas grandes | J26: =IF(AND(ISNUMBER(H26),ISNUMBER(I26)),H26-I26,"") | K26: 22/10/2026: features PTHL + transformer; modelos fine-tuned en Zenodo 10892800 / weilab.math.msu.edu; PyTorch CUDA 11.7
A27: 3 | B27: 5 | C27: BAPA | E27: TensorFlow 1.12 | J27: =IF(AND(ISNUMBER(H27),ISNUMBER(I27)),H27-I27,"") | K27: 22/10/2026: modelo TF 1.12 en el repo; necesita UCSF Chimera (pdb->mol2) y RF-Score (términos Vina) -> Docker
A28: 3 | B28: 6 | C28: CGraphDTA | E28: Bases HHblits/BLAST | J28: =IF(AND(ISNUMBER(H28),ISNUMBER(I28)),H28-I28,"") | K28: 22/10/2026: modelo en el repo, pero necesita BLAST+/UniRef90, HH-suite/Uniclust30, DSSP y Mol2vec (bases de cientos de GB)
A29: 3 | B29: 7 | C29: EGNA | E29: Bases HHblits/BLAST | J29: =IF(AND(ISNUMBER(H29),ISNUMBER(I29)),H29-I29,"") | K29: 22/10/2026: 5 modelos en el repo; necesita HHblits + Uniclust30
A30: 3 | B30: 8 | C30: HydraScreen | D30: API con registro | F30: No | G30: No | I30: 0.86 | J30: =IF(AND(ISNUMBER(H30),ISNUMBER(I30)),H30-I30,"") | K30: 22/10/2026: la inferencia local (paper/code_release + last_model.ckpt) NO se puede usar: el checkpoint y data_module.py dependen de paquetes privados de Ro5 (bio3d: ResMaxNet, MultiHead, TypesDataset; ro5utils) que no están publicados. Única vía: la API hydrascreen-api.ro5.ai (registro con email, sube los archivos a Ro5, uso no comercial). En espera de decisión
A31: 3 | B31: 9 | C31: P3-Score | E31: Licencia de X-Score | J31: =IF(AND(ISNUMBER(H31),ISNUMBER(I31)),H31-I31,"") | K31: 22/10/2026: solo P3-Score_predict.py; necesita X-Score (licencia)
A33: Descartadas (sin modelo entrenado): ECIF, MSECIF, Dowker, PerSpect ML, PPS-ML, EISA-Score, GGL-Score, MP-GNN, LGN, FGNN, MFE, MM-DRPNet, DeepTGIN, HaPPy, IMCPiDB-Score, GIaNt, CurvAGN, GCNN01, SMPLIP-Score, aescore, CPIScore (modelo incompleto, ver nota).
